{"training loss": 23.983308053016664, "_timestamp": 1765959128.3247938, "_runtime": 62809.1413269043, "_step": 32025, "_wandb": {"runtime": 63191}}