{"_wandb": {"runtime": 20}, "training loss": 12.2131640625, "_timestamp": 1765896204.288554, "_runtime": 11.712049961090088, "_step": 2675}